,num_samples,time
0,300,14.034776
1,1000,16.342088
2,3000,27.267607
3,10000,58.6435
4,30000,165.558368
5,100000,544.950237
6,300000,1772.720954
7,722461,4791.180278
