,num_samples,time
0,300,43.704534
1,1000,100.961826
2,3000,377.710788
3,10000,1527.247334
4,30000,7593.094902
5,100000,73516.793039
