,num_samples,time
0,300,468.117998
1,1000,2857.621913
2,3000,10413.803009
3,10000,54196.988069
4,30000,389578.448223
